Workbook

Sheet A_기존기준
A1: 매수일 | B1: 종목 | C1: 매수가(원) | D1: 수량 | E1: 매수금액(원) | F1: 시작자금(원) | G1: 실제비중 | H1: 매도일 | I1: 매도시간 | J1: 매도가(원) | K1: 매도금액(원) | L1: 손익(원) | M1: 종목수익률 | N1: 비고
A2: 2026-08-06 | B2: 한화생명 | C2: 4580 | D2: 39 | E2: =C2*D2 | F2: 600000 | G2: =E2/F2 | H2: 2026-08-07 | I2: 09:28 | J2: 4500 | K2: =J2*D2 | L2: =K2-E2 | M2: =L2/E2 | N2: 1회차
A3: 2026-08-06 | B3: 현대약품 | C3: 6590 | D3: 18 | E3: =C3*D3 | F3: 600000 | G3: =E3/F3 | H3: 2026-08-07 | I3: 09:28 | J3: 6250 | K3: =J3*D3 | L3: =K3-E3 | M3: =L3/E3 | N3: 1회차
A4: 2026-08-06 | B4: 안국약품 | C4: 12560 | D4: 5 | E4: =C4*D4 | F4: 600000 | G4: =E4/F4 | H4: 2026-08-07 | I4: 09:28 | J4: 12520 | K4: =J4*D4 | L4: =K4-E4 | M4: =L4/E4 | N4: 1회차
A5: 2026-08-07 | B5: 팬오션 | C5: 6020 | D5: 29 | E5: =C5*D5 | F5: 590560 | G5: =E5/F5 | H5: 2026-08-10 | I5: 09:30 | J5: 5760 | K5: =J5*D5 | L5: =K5-E5 | M5: =L5/E5 | N5: 2회차 A
A6: 2026-08-07 | B6: KT나스미디어 | C6: 11530 | D6: 10 | E6: =C6*D6 | F6: 590560 | G6: =E6/F6 | H6: 2026-08-10 | I6: 09:30 | J6: 11340 | K6: =J6*D6 | L6: =K6-E6 | M6: =L6/E6 | N6: 2회차 A
A7: 2026-08-07 | B7: 비상교육 | C7: 5180 | D7: 17 | E7: =C7*D7 | F7: 590560 | G7: =E7/F7 | H7: 2026-08-10 | I7: 09:30 | J7: 5020 | K7: =J7*D7 | L7: =K7-E7 | M7: =L7/E7 | N7: 2회차 A
A8: 2026-08-10 | B8: 씨이랩 | C8: 13810 | D8: 8 | E8: =C8*D8 | F8: 578400 | G8: =E8/F8 | H8: 2026-08-11 | I8: 09:30 | J8: 16050 | K8: =J8*D8 -> 128400 | L8: =K8-E8 -> 17920 | M8: =L8/E8 -> 0.1622013 | N8: 3회차 A / 15:30 종가 반영 / 과열 감점으로 목표비중 20%
A9: 2026-08-11 | B9: NO_TRADE | C9: 0 | D9: 0 | E9: =C9*D9 -> 0 | F9: 596320 | G9: 0 | H9: 2026-08-11 | I9: 15:30 | J9: 0 | K9: 0 | L9: 0 | M9: 0 | N9: 4회차 A / NO_TRADE / 분석 완료 15:46로 종가 주문 불가 / 조건 미달

Sheet B_새기준
A1: 매수일 | B1: 종목 | C1: 매수가(원) | D1: 수량 | E1: 매수금액(원) | F1: 시작자금(원) | G1: 실제비중 | H1: 매도일 | I1: 매도시간 | J1: 매도가(원) | K1: 매도금액(원) | L1: 손익(원) | M1: 종목수익률 | N1: 비고
A2: 2026-08-07 | B2: 대한항공 | C2: 27050 | D2: 6 | E2: =C2*D2 | F2: 590560 | G2: =E2/F2 | H2: 2026-08-10 | I2: 09:30 | J2: 26550 | K2: =J2*D2 | L2: =K2-E2 | M2: =L2/E2 | N2: 2회차 B
A3: 2026-08-07 | B3: KT나스미디어 | C3: 11530 | D3: 10 | E3: =C3*D3 | F3: 590560 | G3: =E3/F3 | H3: 2026-08-10 | I3: 09:30 | J3: 11340 | K3: =J3*D3 | L3: =K3-E3 | M3: =L3/E3 | N3: 2회차 B
A4: 2026-08-07 | B4: KG케미칼 | C4: 4785 | D4: 12 | E4: =C4*D4 | F4: 590560 | G4: =E4/F4 | H4: 2026-08-10 | I4: 09:30 | J4: 4465 | K4: =J4*D4 | L4: =K4-E4 | M4: =L4/E4 | N4: 2회차 B
A5: 2026-08-10 | B5: 아이크래프트 | C5: 7100 | D5: 16 | E5: =C5*D5 | F5: 581820 | G5: =E5/F5 | H5: 2026-08-11 | I5: 09:30 | J5: 6820 | K5: =J5*D5 -> 109120 | L5: =K5-E5 -> -4480 | M5: =L5/E5 -> -0.03943662 | N5: 3회차 B / 15:30 종가 반영 / 과열 감점으로 목표비중 20%
A6: 2026-08-11 | B6: NO_TRADE | C6: 0 | D6: 0 | E6: =C6*D6 -> 0 | F6: 577340 | G6: 0 | H6: 2026-08-11 | I6: 15:30 | J6: 0 | K6: 0 | L6: 0 | M6: 0 | N6: 4회차 B / NO_TRADE / 분석 완료 15:46로 종가 주문 불가 / 조건 미달

Sheet A_일별요약
A1: 매수일 | B1: 시작자금(원) | C1: 총매수금액(원) | D1: 남은현금(원) | E1: 총매도금액(원) | F1: 매도후총자산(원) | G1: 하루손익(원) | H1: 하루수익률 | I1: 상태
A2: 2026-08-06 | B2: 600000 | C2: =SUM('A_기존기준'!E2:E4) | D2: =B2-C2 | E2: =SUM('A_기존기준'!K2:K4) | F2: =D2+E2 | G2: =F2-B2 | H2: =G2/B2 | I2: 완료
A3: 2026-08-07 | B3: 590560 | C3: =SUM('A_기존기준'!E5:E7) | D3: =B3-C3 | E3: =SUM('A_기존기준'!K5:K7) | F3: =D3+E3 | G3: =F3-B3 | H3: =G3/B3 | I3: 완료
A4: 2026-08-10 | B4: 578400 | C4: ='A_기존기준'!E8 | D4: =B4-C4 | E4: ='A_기존기준'!K8 -> 128400 | F4: =D4+E4 -> 596320 | G4: =F4-B4 -> 17920 | H4: =G4/B4 -> 0.030982019 | I4: 완료
A5: 2026-08-11 | B5: 596320 | C5: 0 | D5: 596320 | E5: 0 | F5: 596320 | G5: 0 | H5: 0 | I5: NO_TRADE / 매수금액 0원

Sheet B_일별요약
A1: 매수일 | B1: 시작자금(원) | C1: 총매수금액(원) | D1: 남은현금(원) | E1: 총매도금액(원) | F1: 매도후총자산(원) | G1: 하루손익(원) | H1: 하루수익률 | I1: 상태
A2: 2026-08-07 | B2: 590560 | C2: =SUM('B_새기준'!E2:E4) | D2: =B2-C2 | E2: =SUM('B_새기준'!K2:K4) | F2: =D2+E2 | G2: =F2-B2 | H2: =G2/B2 | I2: 완료
A3: 2026-08-10 | B3: 581820 | C3: ='B_새기준'!E5 | D3: =B3-C3 | E3: ='B_새기준'!K5 -> 109120 | F3: =D3+E3 -> 577340 | G3: =F3-B3 -> -4480 | H3: =G3/B3 -> -0.0076999759 | I3: 완료
A4: 2026-08-11 | B4: 577340 | C4: 0 | D4: 577340 | E4: 0 | F4: 577340 | G4: 0 | H4: 0 | I4: NO_TRADE / 매수금액 0원

Sheet A_B_비교
A1: 회차 | B1: 매수일 | C1: 매도일 | D1: A 손익(원) | E1: A 수익률 | F1: B 손익(원) | G1: B 수익률 | H1: B-A 손익차(원) | I1: B-A 수익률차 | J1: 판정 | K1: A 종목 | L1: A 매수가 | M1: A 수량 | N1: A 매수금액 | O1: A 실제비중 | P1: B 종목 | Q1: B 매수가 | R1: B 수량 | S1: B 매수금액 | T1: B 실제비중
A2: 2 | B2: 2026-08-07 | C2: 2026-08-10 | D2: -12160 | E2: -0.020590626 | F2: -8740 | G2: -0.014799512 | H2: =F2-D2 | I2: =G2-E2 | J2: B 우세
A3: 3 | B3: 2026-08-10 | C3: 2026-08-11 | D3: 17920 | E3: 0.030982019 | F3: -4480 | G3: -0.0076999759 | H3: =F3-D3 -> -22400 | I3: =G3-E3 -> -0.038681995 | J3: A 우세 | K3: 씨이랩 | L3: 13810 | M3: 8 | N3: 110480 | O3: 0.19100968 | P3: 아이크래프트 | Q3: 7100 | R3: 16 | S3: 113600 | T3: 0.19524939
A4: 4 | B4: 2026-08-11 | C4: 거래 없음 | D4: 0 | E4: 0 | F4: 0 | G4: 0 | H4: 0 | I4: 0 | J4: A/B 모두 NO_TRADE | K4: NO_TRADE | L4: 0 | M4: 0 | N4: 0 | O4: 0 | P4: NO_TRADE | Q4: 0 | R4: 0 | S4: 0 | T4: 0

Sheet 사용규칙
A1: 항목 | B1: 내용
A2: A 기준 | B2: 거래량·거래대금 + 수급 + 차트 + 종가 강도 + 과열 + 테마 분산
A3: B 기준 | B3: A 기준 + 동종업종 대비 PER/PBR + ROE + 최근 실적 + 재무 리스크
A4: 매수 | B4: 15:25 최종 선정 → 15:30 KRX 종가를 모의 매수가로 기록
A5: 매도 | B5: 다음 거래일 09:30 전후 동일 시점 현재가로 모의 매도
A6: 비중 | B6: 1종목 테스트 시 권장 비중 20~25%, 나머지 75~80% 현금
A7: 원칙 | B7: 데이터 불완전 시 거래하지 않고, 동일·고상관 테마 중복 금지
A8: 현재 상태 | B8: 2026-08-11 09:30 정산: A=씨이랩 16,050원 매도, 자산 596,320원 / B=아이크래프트 6,820원 매도, 자산 577,340원. 2026-08-11 A/B 모두 NO_TRADE, 매수금액 0원.
